{"_id":102,"name":"VOLLYRITE","address":"9722 HAMILTON","city":"BURLINGAME","st":"CA","zipcode":"95133","area":415,"phone":"644-3341","empid":7654,"credit":7000.00,"comments":"Company doing heavy promotion beginning 10/89. Prepare for large orders during winter.","employee":null}
{"_id":103,"name":"JUST TENNIS","address":"HILLVIEW MALL","city":"BURLINGAME","st":"CA","zipcode":"97544","area":415,"phone":"677-9312","empid":7521,"credit":3000.00,"comments":"Contact rep about new line of tennis rackets.","employee":null}
{"_id":104,"name":"EVERY MOUNTAIN","address":"574 SURRY RD.","city":"CUPERTINO","st":"CA","zipcode":"93301","area":408,"phone":"996-2323","empid":7499,"credit":10000.00,"comments":"clients with high market share (23%) due to aggressive advertising.","employee":null}
{"_id":106,"name":"SHAPE UP","address":"908 SEQUOIA","city":"PALO ALTO","st":"CA","zipcode":"94301","area":415,"phone":"364-9777","empid":7521,"credit":6000.00,"comments":"Support intensive. Orders small amounts (< 800) of merchandise at a time.","employee":null}
{"_id":107,"name":"WOMEN SPORTS","address":"VALCO VILLAGE","city":"SUNNYVALE","st":"CA","zipcode":"93301","area":408,"phone":"967-4398","empid":7499,"credit":10000.00,"comments":"First sporting goods store geared exclusively towards women. Unusual promotion al style and very willing to take chances towards new PRODUCTEs!","employee":null}
{"_id":109,"name":"SPRINGFIELD NUCLEAR POWER PLANT","address":"13 PERCEBE STR.","city":"SPRINGFIELD","st":"NT","zipcode":"0000","area":636,"phone":"999-6666","empid":7934,"credit":10000.00,"comments":"","employee":null}
{"_id":101,"name":"TKB SPORT SHOP","address":"490 BOLI RD.","city":"REDWOOD city","st":"CA","zipcode":"94061","area":415,"phone":"555-2331","empid":7521,"credit":10000.00,"comments":"Rep called 5/8 about change in order - contact shipping.","employee":null}
